Team;Photo
Avalanche;https://cms.nhl.bamgrid.com/images/actionshots/8477930_low_resolution.jpg
Avalanche;https://cms.nhl.bamgrid.com/images/arena/default/21_low_resolution.jpg
Avalanche;https://cms.nhl.bamgrid.com/images/actionshots/8477444_low_resolution.jpg
Avalanche;https://cms.nhl.bamgrid.com/images/actionshots/8474685_low_resolution.jpg
Avalanche;https://cms.nhl.bamgrid.com/images/actionshots/8477456_low_resolution.jpg
Avalanche;https://cms.nhl.bamgrid.com/images/actionshots/8475820_low_resolution.jpg
Avalanche;https://cms.nhl.bamgrid.com/images/actionshots/8480326_low_resolution.jpg
Avalanche;https://cms.nhl.bamgrid.com/images/actionshots/8479370_low_resolution.jpg
Avalanche;https://cms.nhl.bamgrid.com/images/actionshots/8475172_low_resolution.jpg
Avalanche;https://cms.nhl.bamgrid.com/images/actionshots/8476455_low_resolution.jpg
Avalanche;https://cms.nhl.bamgrid.com/images/actionshots/8477492_low_resolution.jpg
Avalanche;https://cms.nhl.bamgrid.com/images/actionshots/8476480_low_resolution.jpg
Avalanche;https://cms.nhl.bamgrid.com/images/actionshots/8477501_low_resolution.jpg
Avalanche;https://cms.nhl.bamgrid.com/images/actionshots/8476442_low_resolution.jpg
Avalanche;https://cms.nhl.bamgrid.com/images/actionshots/8481186_low_resolution.jpg
Avalanche;https://cms.nhl.bamgrid.com/images/actionshots/8478420_low_resolution.jpg
Avalanche;https://cms.nhl.bamgrid.com/images/actionshots/8476391_low_resolution.jpg
Avalanche;https://cms.nhl.bamgrid.com/images/actionshots/8474569_low_resolution.jpg
Avalanche;https://cms.nhl.bamgrid.com/images/actionshots/8474717_low_resolution.jpg
Avalanche;https://cms.nhl.bamgrid.com/images/arena/default/21_low_resolution.jpg
Avalanche;https://cms.nhl.bamgrid.com/images/actionshots/8474013_low_resolution.jpg
Avalanche;https://cms.nhl.bamgrid.com/images/actionshots/8475246_low_resolution.jpg
Avalanche;https://cms.nhl.bamgrid.com/images/actionshots/8479398_low_resolution.jpg
Avalanche;https://cms.nhl.bamgrid.com/images/actionshots/8477435_low_resolution.jpg
Avalanche;https://cms.nhl.bamgrid.com/images/actionshots/8473446_low_resolution.jpg
Avalanche;https://cms.nhl.bamgrid.com/images/actionshots/8478073_low_resolution.jpg
Avalanche;https://cms.nhl.bamgrid.com/images/actionshots/8480069_low_resolution.jpg
Avalanche;https://cms.nhl.bamgrid.com/images/actionshots/8479982_low_resolution.jpg
Avalanche;https://cms.nhl.bamgrid.com/images/actionshots/8477507_low_resolution.jpg
Avalanche;https://cms.nhl.bamgrid.com/images/actionshots/8480925_low_resolution.jpg
Avalanche;https://cms.nhl.bamgrid.com/images/actionshots/8475831_low_resolution.jpg
Avalanche;https://cms.nhl.bamgrid.com/images/actionshots/8474636_low_resolution.jpg
Avalanche;https://cms.nhl.bamgrid.com/images/arena/default/21_low_resolution.jpg
Blackhawks;https://cms.nhl.bamgrid.com/images/actionshots/8479465_low_resolution.jpg
Blackhawks;https://cms.nhl.bamgrid.com/images/actionshots/8477846_low_resolution.jpg
Blackhawks;https://cms.nhl.bamgrid.com/images/actionshots/8481523_low_resolution.jpg
Blackhawks;https://cms.nhl.bamgrid.com/images/actionshots/8479337_low_resolution.jpg
Blackhawks;https://cms.nhl.bamgrid.com/images/actionshots/8480025_low_resolution.jpg
Blackhawks;https://cms.nhl.bamgrid.com/images/actionshots/8479542_low_resolution.jpg
Blackhawks;https://cms.nhl.bamgrid.com/images/actionshots/8478146_low_resolution.jpg
Blackhawks;https://cms.nhl.bamgrid.com/images/actionshots/8480144_low_resolution.jpg
Blackhawks;https://cms.nhl.bamgrid.com/images/actionshots/8474141_low_resolution.jpg
Blackhawks;https://cms.nhl.bamgrid.com/images/actionshots/8477330_low_resolution.jpg
Blackhawks;https://cms.nhl.bamgrid.com/images/arena/default/16_low_resolution.jpg
Blackhawks;https://cms.nhl.bamgrid.com/images/actionshots/8479423_low_resolution.jpg
Blackhawks;https://cms.nhl.bamgrid.com/images/actionshots/8477961_low_resolution.jpg
Blackhawks;https://cms.nhl.bamgrid.com/images/actionshots/8476438_low_resolution.jpg
Blackhawks;https://cms.nhl.bamgrid.com/images/actionshots/8476381_low_resolution.jpg
Blackhawks;https://cms.nhl.bamgrid.com/images/actionshots/8478440_low_resolution.jpg
Blackhawks;https://cms.nhl.bamgrid.com/images/actionshots/8473604_low_resolution.jpg
Blackhawks;https://cms.nhl.bamgrid.com/images/actionshots/8480814_low_resolution.jpg
Blackhawks;https://cms.nhl.bamgrid.com/images/actionshots/8480871_low_resolution.jpg
Blackhawks;https://cms.nhl.bamgrid.com/images/actionshots/8479523_low_resolution.jpg
Blackhawks;https://cms.nhl.bamgrid.com/images/actionshots/8475177_low_resolution.jpg
Blackhawks;https://cms.nhl.bamgrid.com/images/actionshots/8470281_low_resolution.jpg
Blackhawks;https://cms.nhl.bamgrid.com/images/actionshots/8476886_low_resolution.jpg
Blackhawks;https://cms.nhl.bamgrid.com/images/actionshots/8476473_low_resolution.jpg
Blackhawks;https://cms.nhl.bamgrid.com/images/arena/default/16_low_resolution.jpg
Blackhawks;https://cms.nhl.bamgrid.com/images/actionshots/8470607_low_resolution.jpg
Blackhawks;https://cms.nhl.bamgrid.com/images/actionshots/8476372_low_resolution.jpg
Blackhawks;https://cms.nhl.bamgrid.com/images/actionshots/8470645_low_resolution.jpg
Blackhawks;https://cms.nhl.bamgrid.com/images/actionshots/8480420_low_resolution.jpg
Blackhawks;https://cms.nhl.bamgrid.com/images/actionshots/8480947_low_resolution.jpg
Blackhawks;https://cms.nhl.bamgrid.com/images/actionshots/8476876_low_resolution.jpg
Blue Jackets;https://cms.nhl.bamgrid.com/images/actionshots/8476981_low_resolution.jpg
Blue Jackets;https://cms.nhl.bamgrid.com/images/actionshots/8474715_low_resolution.jpg
Blue Jackets;https://cms.nhl.bamgrid.com/images/actionshots/8477416_low_resolution.jpg
Blue Jackets;https://cms.nhl.bamgrid.com/images/actionshots/8471273_low_resolution.jpg
Blue Jackets;https://cms.nhl.bamgrid.com/images/actionshots/8479400_low_resolution.jpg
Blue Jackets;https://cms.nhl.bamgrid.com/images/actionshots/8473422_low_resolution.jpg
Blue Jackets;https://cms.nhl.bamgrid.com/images/arena/default/29_low_resolution.jpg
Blue Jackets;https://cms.nhl.bamgrid.com/images/actionshots/8471804_low_resolution.jpg
Blue Jackets;https://cms.nhl.bamgrid.com/images/actionshots/8476432_low_resolution.jpg
Blue Jackets;https://cms.nhl.bamgrid.com/images/actionshots/8481650_low_resolution.jpg
Blue Jackets;https://cms.nhl.bamgrid.com/images/actionshots/8476870_low_resolution.jpg
Blue Jackets;https://cms.nhl.bamgrid.com/images/actionshots/8474062_low_resolution.jpg
Blue Jackets;https://cms.nhl.bamgrid.com/images/actionshots/8474679_low_resolution.jpg
Blue Jackets;https://cms.nhl.bamgrid.com/images/actionshots/8480762_low_resolution.jpg
Blue Jackets;https://cms.nhl.bamgrid.com/images/actionshots/8476913_low_resolution.jpg
Blue Jackets;https://cms.nhl.bamgrid.com/images/actionshots/8478831_low_resolution.jpg
Blue Jackets;https://cms.nhl.bamgrid.com/images/actionshots/8480074_low_resolution.jpg
Blue Jackets;https://cms.nhl.bamgrid.com/images/actionshots/8477505_low_resolution.jpg
Blue Jackets;https://cms.nhl.bamgrid.com/images/actionshots/8478506_low_resolution.jpg
Blue Jackets;https://cms.nhl.bamgrid.com/images/actionshots/8478882_low_resolution.jpg
Blue Jackets;https://cms.nhl.bamgrid.com/images/actionshots/8476449_low_resolution.jpg
Blue Jackets;https://cms.nhl.bamgrid.com/images/actionshots/8477495_low_resolution.jpg
Blue Jackets;https://cms.nhl.bamgrid.com/images/actionshots/8478567_low_resolution.jpg
Blue Jackets;https://cms.nhl.bamgrid.com/images/actionshots/8476850_low_resolution.jpg
Blue Jackets;https://cms.nhl.bamgrid.com/images/actionshots/8478906_low_resolution.jpg
Blue Jackets;https://cms.nhl.bamgrid.com/images/actionshots/8479369_low_resolution.jpg
Blue Jackets;https://cms.nhl.bamgrid.com/images/actionshots/8475233_low_resolution.jpg
Blue Jackets;https://cms.nhl.bamgrid.com/images/actionshots/8478460_low_resolution.jpg
Blue Jackets;https://cms.nhl.bamgrid.com/images/actionshots/8480162_low_resolution.jpg
Blue Jackets;https://cms.nhl.bamgrid.com/images/actionshots/8476914_low_resolution.jpg
Blue Jackets;https://cms.nhl.bamgrid.com/images/actionshots/8478007_low_resolution.jpg
Blues;https://cms.nhl.bamgrid.com/images/actionshots/8477964_low_resolution.jpg
Blues;https://cms.nhl.bamgrid.com/images/actionshots/8478104_low_resolution.jpg
Blues;https://cms.nhl.bamgrid.com/images/actionshots/8475098_low_resolution.jpg
Blues;https://cms.nhl.bamgrid.com/images/actionshots/8471426_low_resolution.jpg
Blues;https://cms.nhl.bamgrid.com/images/actionshots/8477455_low_resolution.jpg
Blues;https://cms.nhl.bamgrid.com/images/actionshots/8479385_low_resolution.jpg
Blues;https://cms.nhl.bamgrid.com/images/actionshots/8476907_low_resolution.jpg
Blues;https://cms.nhl.bamgrid.com/images/actionshots/8475158_low_resolution.jpg
Blues;https://cms.nhl.bamgrid.com/images/actionshots/8474102_low_resolution.jpg
Blues;https://cms.nhl.bamgrid.com/images/arena/default/19_low_resolution.jpg
Blues;https://cms.nhl.bamgrid.com/images/actionshots/8477482_low_resolution.jpg
Blues;https://cms.nhl.bamgrid.com/images/actionshots/8475170_low_resolution.jpg
Blues;https://cms.nhl.bamgrid.com/images/actionshots/8475768_low_resolution.jpg
Blues;https://cms.nhl.bamgrid.com/images/actionshots/8470257_low_resolution.jpg
Blues;https://cms.nhl.bamgrid.com/images/actionshots/8476897_low_resolution.jpg
Blues;https://cms.nhl.bamgrid.com/images/actionshots/8475765_low_resolution.jpg
Blues;https://cms.nhl.bamgrid.com/images/actionshots/8480023_low_resolution.jpg
Blues;https://cms.nhl.bamgrid.com/images/actionshots/8474145_low_resolution.jpg
Blues;https://cms.nhl.bamgrid.com/images/actionshots/8470151_low_resolution.jpg
Blues;https://cms.nhl.bamgrid.com/images/actionshots/8478407_low_resolution.jpg
Blues;https://cms.nhl.bamgrid.com/images/actionshots/8475753_low_resolution.jpg
Blues;https://cms.nhl.bamgrid.com/images/actionshots/8474125_low_resolution.jpg
Blues;https://cms.nhl.bamgrid.com/images/arena/default/19_low_resolution.jpg
Blues;https://cms.nhl.bamgrid.com/images/actionshots/8476892_low_resolution.jpg
Blues;https://cms.nhl.bamgrid.com/images/actionshots/8474565_low_resolution.jpg
Blues;https://cms.nhl.bamgrid.com/images/actionshots/8476884_low_resolution.jpg
Blues;https://cms.nhl.bamgrid.com/images/actionshots/8474618_low_resolution.jpg
Blues;https://cms.nhl.bamgrid.com/images/arena/default/19_low_resolution.jpg
Blues;https://cms.nhl.bamgrid.com/images/actionshots/8476412_low_resolution.jpg
Blues;https://cms.nhl.bamgrid.com/images/arena/default/19_low_resolution.jpg
Bruins;https://cms.nhl.bamgrid.com/images/actionshots/8470638_low_resolution.jpg
Bruins;https://cms.nhl.bamgrid.com/images/actionshots/8478075_low_resolution.jpg
Bruins;https://cms.nhl.bamgrid.com/images/actionshots/8475745_low_resolution.jpg
Bruins;https://cms.nhl.bamgrid.com/images/actionshots/8478498_low_resolution.jpg
Bruins;https://cms.nhl.bamgrid.com/images/arena/default/6_low_resolution.jpg
Bruins;https://cms.nhl.bamgrid.com/images/actionshots/8478131_low_resolution.jpg
Bruins;https://cms.nhl.bamgrid.com/images/actionshots/8471276_low_resolution.jpg
Bruins;https://cms.nhl.bamgrid.com/images/arena/default/6_low_resolution.jpg
Bruins;https://cms.nhl.bamgrid.com/images/actionshots/8476374_low_resolution.jpg
Bruins;https://cms.nhl.bamgrid.com/images/actionshots/8480944_low_resolution.jpg
Bruins;https://cms.nhl.bamgrid.com/images/actionshots/8473419_low_resolution.jpg
Bruins;https://cms.nhl.bamgrid.com/images/actionshots/8475807_low_resolution.jpg
Bruins;https://cms.nhl.bamgrid.com/images/actionshots/8477956_low_resolution.jpg
Bruins;https://cms.nhl.bamgrid.com/images/actionshots/8477941_low_resolution.jpg
Bruins;https://cms.nhl.bamgrid.com/images/arena/default/6_low_resolution.jpg
Bruins;https://cms.nhl.bamgrid.com/images/arena/default/6_low_resolution.jpg
Bruins;https://cms.nhl.bamgrid.com/images/actionshots/8475780_low_resolution.jpg
Bruins;https://cms.nhl.bamgrid.com/images/actionshots/8478443_low_resolution.jpg
Bruins;https://cms.nhl.bamgrid.com/images/actionshots/8465009_low_resolution.jpg
Bruins;https://cms.nhl.bamgrid.com/images/actionshots/8477365_low_resolution.jpg
Bruins;https://cms.nhl.bamgrid.com/images/actionshots/8476891_low_resolution.jpg
Bruins;https://cms.nhl.bamgrid.com/images/actionshots/8476792_low_resolution.jpg
Bruins;https://cms.nhl.bamgrid.com/images/actionshots/8478468_low_resolution.jpg
Bruins;https://cms.nhl.bamgrid.com/images/actionshots/8479325_low_resolution.jpg
Bruins;https://cms.nhl.bamgrid.com/images/actionshots/8476191_low_resolution.jpg
Bruins;https://cms.nhl.bamgrid.com/images/actionshots/8475186_low_resolution.jpg
Bruins;https://cms.nhl.bamgrid.com/images/actionshots/8480001_low_resolution.jpg
Bruins;https://cms.nhl.bamgrid.com/images/arena/default/6_low_resolution.jpg
Bruins;https://cms.nhl.bamgrid.com/images/actionshots/8470860_low_resolution.jpg
Bruins;https://cms.nhl.bamgrid.com/images/actionshots/8476509_low_resolution.jpg
Bruins;https://cms.nhl.bamgrid.com/images/actionshots/8471695_low_resolution.jpg
Bruins;https://cms.nhl.bamgrid.com/images/arena/default/6_low_resolution.jpg
Canadiens;https://cms.nhl.bamgrid.com/images/actionshots/8476469_low_resolution.jpg
Canadiens;https://cms.nhl.bamgrid.com/images/arena/default/8_low_resolution.jpg
Canadiens;https://cms.nhl.bamgrid.com/images/actionshots/8474038_low_resolution.jpg
Canadiens;https://cms.nhl.bamgrid.com/images/actionshots/8476479_low_resolution.jpg
Canadiens;https://cms.nhl.bamgrid.com/images/arena/default/8_low_resolution.jpg
Canadiens;https://cms.nhl.bamgrid.com/images/actionshots/8477503_low_resolution.jpg
Canadiens;https://cms.nhl.bamgrid.com/images/actionshots/8477494_low_resolution.jpg
Canadiens;https://cms.nhl.bamgrid.com/images/actionshots/8478133_low_resolution.jpg
Canadiens;https://cms.nhl.bamgrid.com/images/actionshots/8475848_low_resolution.jpg
Canadiens;https://cms.nhl.bamgrid.com/images/actionshots/8476948_low_resolution.jpg
Canadiens;https://cms.nhl.bamgrid.com/images/actionshots/8480829_low_resolution.jpg
Canadiens;https://cms.nhl.bamgrid.com/images/actionshots/8477476_low_resolution.jpg
Canadiens;https://cms.nhl.bamgrid.com/images/actionshots/8480068_low_resolution.jpg
Canadiens;https://cms.nhl.bamgrid.com/images/actionshots/8480018_low_resolution.jpg
Canadiens;https://cms.nhl.bamgrid.com/images/actionshots/8475193_low_resolution.jpg
Canadiens;https://cms.nhl.bamgrid.com/images/actionshots/8475738_low_resolution.jpg
Canadiens;https://cms.nhl.bamgrid.com/images/actionshots/8474668_low_resolution.jpg
Canadiens;https://cms.nhl.bamgrid.com/images/arena/default/8_low_resolution.jpg
Canadiens;https://cms.nhl.bamgrid.com/images/actionshots/8475279_low_resolution.jpg
Canadiens;https://cms.nhl.bamgrid.com/images/actionshots/8476441_low_resolution.jpg
Canadiens;https://cms.nhl.bamgrid.com/images/arena/default/8_low_resolution.jpg
Canadiens;https://cms.nhl.bamgrid.com/images/actionshots/8477850_low_resolution.jpg
Canadiens;https://cms.nhl.bamgrid.com/images/actionshots/8478454_low_resolution.jpg
Canadiens;https://cms.nhl.bamgrid.com/images/actionshots/8476967_low_resolution.jpg
Canadiens;https://cms.nhl.bamgrid.com/images/actionshots/8479376_low_resolution.jpg
Canadiens;https://cms.nhl.bamgrid.com/images/actionshots/8477467_low_resolution.jpg
Canadiens;https://cms.nhl.bamgrid.com/images/actionshots/8476443_low_resolution.jpg
Canadiens;https://cms.nhl.bamgrid.com/images/actionshots/8473507_low_resolution.jpg
Canadiens;https://cms.nhl.bamgrid.com/images/actionshots/8470642_low_resolution.jpg
Canadiens;https://cms.nhl.bamgrid.com/images/actionshots/8474596_low_resolution.jpg
Canadiens;https://cms.nhl.bamgrid.com/images/actionshots/8479292_low_resolution.jpg
Canadiens;https://cms.nhl.bamgrid.com/images/arena/default/8_low_resolution.jpg
Canadiens;https://cms.nhl.bamgrid.com/images/actionshots/8471679_low_resolution.jpg
Canadiens;https://cms.nhl.bamgrid.com/images/arena/default/8_low_resolution.jpg
Canucks;https://cms.nhl.bamgrid.com/images/actionshots/8477473_low_resolution.jpg
Canucks;https://cms.nhl.bamgrid.com/images/actionshots/8474291_low_resolution.jpg
Canucks;https://cms.nhl.bamgrid.com/images/actionshots/8478444_low_resolution.jpg
Canucks;https://cms.nhl.bamgrid.com/images/actionshots/8470626_low_resolution.jpg
Canucks;https://cms.nhl.bamgrid.com/images/actionshots/8475907_low_resolution.jpg
Canucks;https://cms.nhl.bamgrid.com/images/actionshots/8478874_low_resolution.jpg
Canucks;https://cms.nhl.bamgrid.com/images/actionshots/8476344_low_resolution.jpg
Canucks;https://cms.nhl.bamgrid.com/images/actionshots/8477500_low_resolution.jpg
Canucks;https://cms.nhl.bamgrid.com/images/actionshots/8479772_low_resolution.jpg
Canucks;https://cms.nhl.bamgrid.com/images/actionshots/8476468_low_resolution.jpg
Canucks;https://cms.nhl.bamgrid.com/images/actionshots/8477353_low_resolution.jpg
Canucks;https://cms.nhl.bamgrid.com/images/actionshots/8476871_low_resolution.jpg
Canucks;https://cms.nhl.bamgrid.com/images/actionshots/8480012_low_resolution.jpg
Canucks;https://cms.nhl.bamgrid.com/images/actionshots/8474849_low_resolution.jpg
Canucks;https://cms.nhl.bamgrid.com/images/actionshots/8474091_low_resolution.jpg
Canucks;https://cms.nhl.bamgrid.com/images/actionshots/8475726_low_resolution.jpg
Canucks;https://cms.nhl.bamgrid.com/images/actionshots/8477937_low_resolution.jpg
Canucks;https://cms.nhl.bamgrid.com/images/actionshots/8474818_low_resolution.jpg
Canucks;https://cms.nhl.bamgrid.com/images/arena/default/23_low_resolution.jpg
Canucks;https://cms.nhl.bamgrid.com/images/actionshots/8471303_low_resolution.jpg
Canucks;https://cms.nhl.bamgrid.com/images/actionshots/8480147_low_resolution.jpg
Canucks;https://cms.nhl.bamgrid.com/images/actionshots/8480800_low_resolution.jpg
Canucks;https://cms.nhl.bamgrid.com/images/arena/default/23_low_resolution.jpg
Canucks;https://cms.nhl.bamgrid.com/images/actionshots/8474574_low_resolution.jpg
Canucks;https://cms.nhl.bamgrid.com/images/arena/default/23_low_resolution.jpg
Canucks;https://cms.nhl.bamgrid.com/images/actionshots/8479442_low_resolution.jpg
Canucks;https://cms.nhl.bamgrid.com/images/actionshots/8475690_low_resolution.jpg
Canucks;https://cms.nhl.bamgrid.com/images/actionshots/8477967_low_resolution.jpg
Canucks;https://cms.nhl.bamgrid.com/images/actionshots/8475839_low_resolution.jpg
Canucks;https://cms.nhl.bamgrid.com/images/arena/default/23_low_resolution.jpg
Canucks;https://cms.nhl.bamgrid.com/images/actionshots/8474593_low_resolution.jpg
Capitals;https://cms.nhl.bamgrid.com/images/actionshots/8473563_low_resolution.jpg
Capitals;https://cms.nhl.bamgrid.com/images/actionshots/8476329_low_resolution.jpg
Capitals;https://cms.nhl.bamgrid.com/images/actionshots/8475343_low_resolution.jpg
Capitals;https://cms.nhl.bamgrid.com/images/actionshots/8474189_low_resolution.jpg
Capitals;https://cms.nhl.bamgrid.com/images/actionshots/8478063_low_resolution.jpg
Capitals;https://cms.nhl.bamgrid.com/images/actionshots/8474176_low_resolution.jpg
Capitals;https://cms.nhl.bamgrid.com/images/actionshots/8477903_low_resolution.jpg
Capitals;https://cms.nhl.bamgrid.com/images/actionshots/8469454_low_resolution.jpg
Capitals;https://cms.nhl.bamgrid.com/images/actionshots/8475744_low_resolution.jpg
Capitals;https://cms.nhl.bamgrid.com/images/arena/default/15_low_resolution.jpg
Capitals;https://cms.nhl.bamgrid.com/images/arena/default/15_low_resolution.jpg
Capitals;https://cms.nhl.bamgrid.com/images/arena/default/15_low_resolution.jpg
Capitals;https://cms.nhl.bamgrid.com/images/actionshots/8471698_low_resolution.jpg
Capitals;https://cms.nhl.bamgrid.com/images/actionshots/8471214_low_resolution.jpg
Capitals;https://cms.nhl.bamgrid.com/images/actionshots/8475209_low_resolution.jpg
Capitals;https://cms.nhl.bamgrid.com/images/arena/default/15_low_resolution.jpg
Capitals;https://cms.nhl.bamgrid.com/images/arena/default/15_low_resolution.jpg
Capitals;https://cms.nhl.bamgrid.com/images/actionshots/8478466_low_resolution.jpg
Capitals;https://cms.nhl.bamgrid.com/images/actionshots/8477944_low_resolution.jpg
Capitals;https://cms.nhl.bamgrid.com/images/actionshots/8476880_low_resolution.jpg
Capitals;https://cms.nhl.bamgrid.com/images/arena/default/15_low_resolution.jpg
Capitals;https://cms.nhl.bamgrid.com/images/actionshots/8474590_low_resolution.jpg
Capitals;https://cms.nhl.bamgrid.com/images/actionshots/8475455_low_resolution.jpg
Capitals;https://cms.nhl.bamgrid.com/images/arena/default/15_low_resolution.jpg
Capitals;https://cms.nhl.bamgrid.com/images/actionshots/8475462_low_resolution.jpg
Capitals;https://cms.nhl.bamgrid.com/images/actionshots/8475324_low_resolution.jpg
Capitals;https://cms.nhl.bamgrid.com/images/actionshots/8479482_low_resolution.jpg
Capitals;https://cms.nhl.bamgrid.com/images/arena/default/18_low_resolution.jpg
Capitals;https://cms.nhl.bamgrid.com/images/actionshots/8475200_low_resolution.jpg
Capitals;https://cms.nhl.bamgrid.com/images/actionshots/8478399_low_resolution.jpg
Capitals;https://cms.nhl.bamgrid.com/images/actionshots/8477831_low_resolution.jpg
Capitals;https://cms.nhl.bamgrid.com/images/actionshots/8474651_low_resolution.jpg
Capitals;https://cms.nhl.bamgrid.com/images/actionshots/8478492_low_resolution.jpg
Capitals;https://cms.nhl.bamgrid.com/images/arena/default/15_low_resolution.jpg
Coyotes;https://cms.nhl.bamgrid.com/images/actionshots/8478474_low_resolution.jpg
Coyotes;https://cms.nhl.bamgrid.com/images/actionshots/8477989_low_resolution.jpg
Coyotes;https://cms.nhl.bamgrid.com/images/actionshots/8478432_low_resolution.jpg
Coyotes;https://cms.nhl.bamgrid.com/images/actionshots/8478856_low_resolution.jpg
Coyotes;https://cms.nhl.bamgrid.com/images/actionshots/8475791_low_resolution.jpg
Coyotes;https://cms.nhl.bamgrid.com/images/actionshots/8480849_low_resolution.jpg
Coyotes;https://cms.nhl.bamgrid.com/images/actionshots/8476994_low_resolution.jpg
Coyotes;https://cms.nhl.bamgrid.com/images/actionshots/8479343_low_resolution.jpg
Coyotes;https://cms.nhl.bamgrid.com/images/actionshots/8473548_low_resolution.jpg
Coyotes;https://cms.nhl.bamgrid.com/images/actionshots/8470755_low_resolution.jpg
Coyotes;https://cms.nhl.bamgrid.com/images/actionshots/8477951_low_resolution.jpg
Coyotes;https://cms.nhl.bamgrid.com/images/actionshots/8471262_low_resolution.jpg
Coyotes;https://cms.nhl.bamgrid.com/images/actionshots/8474613_low_resolution.jpg
Coyotes;https://cms.nhl.bamgrid.com/images/actionshots/8479345_low_resolution.jpg
Coyotes;https://cms.nhl.bamgrid.com/images/actionshots/8474218_low_resolution.jpg
Coyotes;https://cms.nhl.bamgrid.com/images/actionshots/8475171_low_resolution.jpg
Coyotes;https://cms.nhl.bamgrid.com/images/actionshots/8471274_low_resolution.jpg
Coyotes;https://cms.nhl.bamgrid.com/images/actionshots/8471769_low_resolution.jpg
Coyotes;https://cms.nhl.bamgrid.com/images/actionshots/8480950_low_resolution.jpg
Coyotes;https://cms.nhl.bamgrid.com/images/actionshots/8477851_low_resolution.jpg
Coyotes;https://cms.nhl.bamgrid.com/images/actionshots/8475311_low_resolution.jpg
Coyotes;https://cms.nhl.bamgrid.com/images/actionshots/8477293_low_resolution.jpg
Devils;https://cms.nhl.bamgrid.com/images/actionshots/8479315_low_resolution.jpg
Devils;https://cms.nhl.bamgrid.com/images/actionshots/8479407_low_resolution.jpg
Devils;https://cms.nhl.bamgrid.com/images/actionshots/8477038_low_resolution.jpg
Devils;https://cms.nhl.bamgrid.com/images/actionshots/8477401_low_resolution.jpg
Devils;https://cms.nhl.bamgrid.com/images/actionshots/8480002_low_resolution.jpg
Devils;https://cms.nhl.bamgrid.com/images/actionshots/8481559_low_resolution.jpg
Devils;https://cms.nhl.bamgrid.com/images/actionshots/8479415_low_resolution.jpg
Devils;https://cms.nhl.bamgrid.com/images/actionshots/8475151_low_resolution.jpg
Devils;https://cms.nhl.bamgrid.com/images/actionshots/8479291_low_resolution.jpg
Devils;https://cms.nhl.bamgrid.com/images/actionshots/8477425_low_resolution.jpg
Devils;https://cms.nhl.bamgrid.com/images/actionshots/8478401_low_resolution.jpg
Devils;https://cms.nhl.bamgrid.com/images/actionshots/8471233_low_resolution.jpg
Devils;https://cms.nhl.bamgrid.com/images/actionshots/8477355_low_resolution.jpg
Devils;https://cms.nhl.bamgrid.com/images/actionshots/8476941_low_resolution.jpg
Devils;https://cms.nhl.bamgrid.com/images/actionshots/8476368_low_resolution.jpg
Devils;https://cms.nhl.bamgrid.com/images/actionshots/8477541_low_resolution.jpg
Devils;https://cms.nhl.bamgrid.com/images/actionshots/8477509_low_resolution.jpg
Devils;https://cms.nhl.bamgrid.com/images/actionshots/8476923_low_resolution.jpg
Devils;https://cms.nhl.bamgrid.com/images/actionshots/8474056_low_resolution.jpg
Devils;https://cms.nhl.bamgrid.com/images/actionshots/8478406_low_resolution.jpg
Devils;https://cms.nhl.bamgrid.com/images/actionshots/8471239_low_resolution.jpg
Ducks;https://cms.nhl.bamgrid.com/images/actionshots/8475461_low_resolution.jpg
Ducks;https://cms.nhl.bamgrid.com/images/actionshots/8470655_low_resolution.jpg
Ducks;https://cms.nhl.bamgrid.com/images/actionshots/8475235_low_resolution.jpg
Ducks;https://cms.nhl.bamgrid.com/images/actionshots/8470612_low_resolution.jpg
Ducks;https://cms.nhl.bamgrid.com/images/actionshots/8478046_low_resolution.jpg
Ducks;https://cms.nhl.bamgrid.com/images/actionshots/8474641_low_resolution.jpg
Ducks;https://cms.nhl.bamgrid.com/images/actionshots/8479368_low_resolution.jpg
Ducks;https://cms.nhl.bamgrid.com/images/actionshots/8477947_low_resolution.jpg
Ducks;https://cms.nhl.bamgrid.com/images/actionshots/8476483_low_resolution.jpg
Ducks;https://cms.nhl.bamgrid.com/images/actionshots/8477240_low_resolution.jpg
Ducks;https://cms.nhl.bamgrid.com/images/actionshots/8475164_low_resolution.jpg
Ducks;https://cms.nhl.bamgrid.com/images/actionshots/8479351_low_resolution.jpg
Ducks;https://cms.nhl.bamgrid.com/images/actionshots/8474584_low_resolution.jpg
Ducks;https://cms.nhl.bamgrid.com/images/actionshots/8477043_low_resolution.jpg
Ducks;https://cms.nhl.bamgrid.com/images/actionshots/8475764_low_resolution.jpg
Ducks;https://cms.nhl.bamgrid.com/images/actionshots/8475790_low_resolution.jpg
Ducks;https://cms.nhl.bamgrid.com/images/actionshots/8475625_low_resolution.jpg
Ducks;https://cms.nhl.bamgrid.com/images/actionshots/8478491_low_resolution.jpg
Ducks;https://cms.nhl.bamgrid.com/images/actionshots/8476854_low_resolution.jpg
Ducks;https://cms.nhl.bamgrid.com/images/actionshots/8476312_low_resolution.jpg
Ducks;https://cms.nhl.bamgrid.com/images/actionshots/8476434_low_resolution.jpg
Ducks;https://cms.nhl.bamgrid.com/images/actionshots/8468011_low_resolution.jpg
Flames;https://cms.nhl.bamgrid.com/images/actionshots/8474150_low_resolution.jpg
Flames;https://cms.nhl.bamgrid.com/images/actionshots/8477935_low_resolution.jpg
Flames;https://cms.nhl.bamgrid.com/images/actionshots/8478512_low_resolution.jpg
Flames;https://cms.nhl.bamgrid.com/images/actionshots/8479346_low_resolution.jpg
Flames;https://cms.nhl.bamgrid.com/images/actionshots/8475278_low_resolution.jpg
Flames;https://cms.nhl.bamgrid.com/images/actionshots/8476346_low_resolution.jpg
Flames;https://cms.nhl.bamgrid.com/images/actionshots/8476873_low_resolution.jpg
Flames;https://cms.nhl.bamgrid.com/images/actionshots/8477496_low_resolution.jpg
Flames;https://cms.nhl.bamgrid.com/images/actionshots/8473473_low_resolution.jpg
Flames;https://cms.nhl.bamgrid.com/images/actionshots/8478233_low_resolution.jpg
Flames;https://cms.nhl.bamgrid.com/images/actionshots/8477497_low_resolution.jpg
Flames;https://cms.nhl.bamgrid.com/images/actionshots/8476409_low_resolution.jpg
Flames;https://cms.nhl.bamgrid.com/images/actionshots/8476356_low_resolution.jpg
Flames;https://cms.nhl.bamgrid.com/images/actionshots/8474736_low_resolution.jpg
Flames;https://cms.nhl.bamgrid.com/images/arena/default/20_low_resolution.jpg
Flames;https://cms.nhl.bamgrid.com/images/actionshots/8478585_low_resolution.jpg
Flames;https://cms.nhl.bamgrid.com/images/actionshots/8479314_low_resolution.jpg
Flames;https://cms.nhl.bamgrid.com/images/actionshots/8478397_low_resolution.jpg
Flames;https://cms.nhl.bamgrid.com/images/actionshots/8474673_low_resolution.jpg
Flames;https://cms.nhl.bamgrid.com/images/actionshots/8475762_low_resolution.jpg
Flames;https://cms.nhl.bamgrid.com/images/actionshots/8470966_low_resolution.jpg
Flames;https://cms.nhl.bamgrid.com/images/actionshots/8476979_low_resolution.jpg
Flames;https://cms.nhl.bamgrid.com/images/actionshots/8474612_low_resolution.jpg
Flames;https://cms.nhl.bamgrid.com/images/actionshots/8478396_low_resolution.jpg
Flames;https://cms.nhl.bamgrid.com/images/actionshots/8478430_low_resolution.jpg
Flames;https://cms.nhl.bamgrid.com/images/actionshots/8474628_low_resolution.jpg
Flames;https://cms.nhl.bamgrid.com/images/actionshots/8479976_low_resolution.jpg
Flames;https://cms.nhl.bamgrid.com/images/actionshots/8481630_low_resolution.jpg
Flames;https://cms.nhl.bamgrid.com/images/arena/default/19_low_resolution.jpg
Flames;https://cms.nhl.bamgrid.com/images/actionshots/8479496_low_resolution.jpg
Flames;https://cms.nhl.bamgrid.com/images/actionshots/8475660_low_resolution.jpg
Flames;https://cms.nhl.bamgrid.com/images/arena/default/20_low_resolution.jpg
Flyers;https://cms.nhl.bamgrid.com/images/actionshots/8476404_low_resolution.jpg
Flyers;https://cms.nhl.bamgrid.com/images/actionshots/8477979_low_resolution.jpg
Flyers;https://cms.nhl.bamgrid.com/images/arena/default/4_low_resolution.jpg
Flyers;https://cms.nhl.bamgrid.com/images/actionshots/8476461_low_resolution.jpg
Flyers;https://cms.nhl.bamgrid.com/images/arena/default/4_low_resolution.jpg
Flyers;https://cms.nhl.bamgrid.com/images/arena/default/4_low_resolution.jpg
Flyers;https://cms.nhl.bamgrid.com/images/actionshots/8473512_low_resolution.jpg
Flyers;https://cms.nhl.bamgrid.com/images/actionshots/8474683_low_resolution.jpg
Flyers;https://cms.nhl.bamgrid.com/images/actionshots/8475763_low_resolution.jpg
Flyers;https://cms.nhl.bamgrid.com/images/actionshots/8478439_low_resolution.jpg
Flyers;https://cms.nhl.bamgrid.com/images/actionshots/8476872_low_resolution.jpg
Flyers;https://cms.nhl.bamgrid.com/images/actionshots/8478067_low_resolution.jpg
Flyers;https://cms.nhl.bamgrid.com/images/actionshots/8475752_low_resolution.jpg
Flyers;https://cms.nhl.bamgrid.com/images/actionshots/8477290_low_resolution.jpg
Flyers;https://cms.nhl.bamgrid.com/images/actionshots/8473485_low_resolution.jpg
Flyers;https://cms.nhl.bamgrid.com/images/actionshots/8470775_low_resolution.jpg
Flyers;https://cms.nhl.bamgrid.com/images/actionshots/8474037_low_resolution.jpg
Flyers;https://cms.nhl.bamgrid.com/images/actionshots/8474161_low_resolution.jpg
Flyers;https://cms.nhl.bamgrid.com/images/actionshots/8474027_low_resolution.jpg
Flyers;https://cms.nhl.bamgrid.com/images/arena/default/4_low_resolution.jpg
Flyers;https://cms.nhl.bamgrid.com/images/actionshots/8476906_low_resolution.jpg
Flyers;https://cms.nhl.bamgrid.com/images/actionshots/8477462_low_resolution.jpg
Flyers;https://cms.nhl.bamgrid.com/images/actionshots/8477502_low_resolution.jpg
Flyers;https://cms.nhl.bamgrid.com/images/actionshots/8479026_low_resolution.jpg
Flyers;https://cms.nhl.bamgrid.com/images/actionshots/8471702_low_resolution.jpg
Flyers;https://cms.nhl.bamgrid.com/images/actionshots/8478500_low_resolution.jpg
Flyers;https://cms.nhl.bamgrid.com/images/actionshots/8477948_low_resolution.jpg
Flyers;https://cms.nhl.bamgrid.com/images/actionshots/8476407_low_resolution.jpg
Flyers;https://cms.nhl.bamgrid.com/images/arena/default/4_low_resolution.jpg
Flyers;https://cms.nhl.bamgrid.com/images/actionshots/8470880_low_resolution.jpg
Flyers;https://cms.nhl.bamgrid.com/images/actionshots/8479394_low_resolution.jpg
Flyers;https://cms.nhl.bamgrid.com/images/arena/default/4_low_resolution.jpg
Golden Knights;https://cms.nhl.bamgrid.com/images/actionshots/8477478_low_resolution.jpg
Golden Knights;https://cms.nhl.bamgrid.com/images/actionshots/8476393_low_resolution.jpg
Golden Knights;https://cms.nhl.bamgrid.com/images/actionshots/8478097_low_resolution.jpg
Golden Knights;https://cms.nhl.bamgrid.com/images/actionshots/8476448_low_resolution.jpg
Golden Knights;https://cms.nhl.bamgrid.com/images/actionshots/nhl_default_contemporary.jpg
Golden Knights;https://cms.nhl.bamgrid.com/images/actionshots/8476539_low_resolution.jpg
Golden Knights;https://cms.nhl.bamgrid.com/images/actionshots/8477931_low_resolution.jpg
Golden Knights;https://cms.nhl.bamgrid.com/images/actionshots/8474157_low_resolution.jpg
Golden Knights;https://cms.nhl.bamgrid.com/images/actionshots/8471817_low_resolution.jpg
Golden Knights;https://cms.nhl.bamgrid.com/images/actionshots/8478462_low_resolution.jpg
Golden Knights;https://cms.nhl.bamgrid.com/images/actionshots/8478106_low_resolution.jpg
Golden Knights;https://cms.nhl.bamgrid.com/images/actionshots/8475191_low_resolution.jpg
Golden Knights;https://cms.nhl.bamgrid.com/images/actionshots/8471669_low_resolution.jpg
Golden Knights;https://cms.nhl.bamgrid.com/images/actionshots/8476905_low_resolution.jpg
Golden Knights;https://cms.nhl.bamgrid.com/images/actionshots/8475913_low_resolution.jpg
Golden Knights;https://cms.nhl.bamgrid.com/images/actionshots/8477949_low_resolution.jpg
Golden Knights;https://cms.nhl.bamgrid.com/images/actionshots/nhl_default_contemporary.jpg
Golden Knights;https://cms.nhl.bamgrid.com/images/actionshots/8468674_low_resolution.jpg
Golden Knights;https://cms.nhl.bamgrid.com/images/actionshots/8474207_low_resolution.jpg
Golden Knights;https://cms.nhl.bamgrid.com/images/actionshots/8474166_low_resolution.jpg
Golden Knights;https://cms.nhl.bamgrid.com/images/actionshots/8475188_low_resolution.jpg
Golden Knights;https://cms.nhl.bamgrid.com/images/actionshots/8475750_low_resolution.jpg
Golden Knights;https://cms.nhl.bamgrid.com/images/actionshots/8477220_low_resolution.jpg
Golden Knights;https://cms.nhl.bamgrid.com/images/actionshots/8477447_low_resolution.jpg
Golden Knights;https://cms.nhl.bamgrid.com/images/actionshots/8480727_low_resolution.jpg
Golden Knights;https://cms.nhl.bamgrid.com/images/actionshots/8476861_low_resolution.jpg
Golden Knights;https://cms.nhl.bamgrid.com/images/actionshots/8470594_low_resolution.jpg
Golden Knights;https://cms.nhl.bamgrid.com/images/actionshots/8475215_low_resolution.jpg
Hurricanes;https://cms.nhl.bamgrid.com/images/actionshots/8478427_low_resolution.jpg
Hurricanes;https://cms.nhl.bamgrid.com/images/arena/default/12_low_resolution.jpg
Hurricanes;https://cms.nhl.bamgrid.com/images/actionshots/8476288_low_resolution.jpg
Hurricanes;https://cms.nhl.bamgrid.com/images/actionshots/8477998_low_resolution.jpg
Hurricanes;https://cms.nhl.bamgrid.com/images/arena/default/12_low_resolution.jpg
Hurricanes;https://cms.nhl.bamgrid.com/images/arena/default/12_low_resolution.jpg
Hurricanes;https://cms.nhl.bamgrid.com/images/actionshots/8476921_low_resolution.jpg
Hurricanes;https://cms.nhl.bamgrid.com/images/actionshots/8476323_low_resolution.jpg
Hurricanes;https://cms.nhl.bamgrid.com/images/actionshots/8476934_low_resolution.jpg
Hurricanes;https://cms.nhl.bamgrid.com/images/actionshots/8480039_low_resolution.jpg
Hurricanes;https://cms.nhl.bamgrid.com/images/actionshots/8475799_low_resolution.jpg
Hurricanes;https://cms.nhl.bamgrid.com/images/actionshots/8473533_low_resolution.jpg
Hurricanes;https://cms.nhl.bamgrid.com/images/actionshots/8480830_low_resolution.jpg
Hurricanes;https://cms.nhl.bamgrid.com/images/actionshots/8476882_low_resolution.jpg
Hurricanes;https://cms.nhl.bamgrid.com/images/actionshots/8476389_low_resolution.jpg
Hurricanes;https://cms.nhl.bamgrid.com/images/actionshots/8468508_low_resolution.jpg
Hurricanes;https://cms.nhl.bamgrid.com/images/arena/default/12_low_resolution.jpg
Hurricanes;https://cms.nhl.bamgrid.com/images/actionshots/8477938_low_resolution.jpg
Hurricanes;https://cms.nhl.bamgrid.com/images/actionshots/8474581_low_resolution.jpg
Hurricanes;https://cms.nhl.bamgrid.com/images/actionshots/8476462_low_resolution.jpg
Hurricanes;https://cms.nhl.bamgrid.com/images/arena/default/12_low_resolution.jpg
Hurricanes;https://cms.nhl.bamgrid.com/images/actionshots/8477488_low_resolution.jpg
Hurricanes;https://cms.nhl.bamgrid.com/images/actionshots/8476869_low_resolution.jpg
Hurricanes;https://cms.nhl.bamgrid.com/images/actionshots/8476958_low_resolution.jpg
Hurricanes;https://cms.nhl.bamgrid.com/images/actionshots/8477845_low_resolution.jpg
Hurricanes;https://cms.nhl.bamgrid.com/images/actionshots/8475222_low_resolution.jpg
Hurricanes;https://cms.nhl.bamgrid.com/images/actionshots/8476341_low_resolution.jpg
Hurricanes;https://cms.nhl.bamgrid.com/images/actionshots/8475852_low_resolution.jpg
Hurricanes;https://cms.nhl.bamgrid.com/images/actionshots/8477968_low_resolution.jpg
Hurricanes;https://cms.nhl.bamgrid.com/images/actionshots/8473503_low_resolution.jpg
Islanders;https://cms.nhl.bamgrid.com/images/actionshots/8474573_low_resolution.jpg
Islanders;https://cms.nhl.bamgrid.com/images/actionshots/8478445_low_resolution.jpg
Islanders;https://cms.nhl.bamgrid.com/images/actionshots/8478463_low_resolution.jpg
Islanders;https://cms.nhl.bamgrid.com/images/actionshots/8473544_low_resolution.jpg
Islanders;https://cms.nhl.bamgrid.com/images/actionshots/8475231_low_resolution.jpg
Islanders;https://cms.nhl.bamgrid.com/images/actionshots/8473504_low_resolution.jpg
Islanders;https://cms.nhl.bamgrid.com/images/actionshots/8477936_low_resolution.jpg
Islanders;https://cms.nhl.bamgrid.com/images/actionshots/8474586_low_resolution.jpg
Islanders;https://cms.nhl.bamgrid.com/images/actionshots/8477527_low_resolution.jpg
Islanders;https://cms.nhl.bamgrid.com/images/actionshots/8479526_low_resolution.jpg
Islanders;https://cms.nhl.bamgrid.com/images/actionshots/8473463_low_resolution.jpg
Islanders;https://cms.nhl.bamgrid.com/images/actionshots/8475832_low_resolution.jpg
Islanders;https://cms.nhl.bamgrid.com/images/actionshots/8471217_low_resolution.jpg
Islanders;https://cms.nhl.bamgrid.com/images/actionshots/8475314_low_resolution.jpg
Islanders;https://cms.nhl.bamgrid.com/images/actionshots/8474709_low_resolution.jpg
Islanders;https://cms.nhl.bamgrid.com/images/actionshots/8475754_low_resolution.jpg
Islanders;https://cms.nhl.bamgrid.com/images/actionshots/8476419_low_resolution.jpg
Islanders;https://cms.nhl.bamgrid.com/images/actionshots/8480222_low_resolution.jpg
Islanders;https://cms.nhl.bamgrid.com/images/actionshots/8470187_low_resolution.jpg
Islanders;https://cms.nhl.bamgrid.com/images/actionshots/8480865_low_resolution.jpg
Islanders;https://cms.nhl.bamgrid.com/images/actionshots/8472382_low_resolution.jpg
Islanders;https://cms.nhl.bamgrid.com/images/actionshots/8474066_low_resolution.jpg
Islanders;https://cms.nhl.bamgrid.com/images/actionshots/8475181_low_resolution.jpg
Islanders;https://cms.nhl.bamgrid.com/images/actionshots/8476429_low_resolution.jpg
Islanders;https://cms.nhl.bamgrid.com/images/actionshots/8476917_low_resolution.jpg
Islanders;https://cms.nhl.bamgrid.com/images/actionshots/8477506_low_resolution.jpg
Islanders;https://cms.nhl.bamgrid.com/images/actionshots/8478038_low_resolution.jpg
Islanders;https://cms.nhl.bamgrid.com/images/actionshots/8476444_low_resolution.jpg
Islanders;https://cms.nhl.bamgrid.com/images/actionshots/8471306_low_resolution.jpg
Islanders;https://cms.nhl.bamgrid.com/images/actionshots/8473575_low_resolution.jpg
Jets;https://cms.nhl.bamgrid.com/images/actionshots/8478891_low_resolution.jpg
Jets;https://cms.nhl.bamgrid.com/images/actionshots/8475268_low_resolution.jpg
Jets;https://cms.nhl.bamgrid.com/images/actionshots/8478398_low_resolution.jpg
Jets;https://cms.nhl.bamgrid.com/images/actionshots/8477429_low_resolution.jpg
Jets;https://cms.nhl.bamgrid.com/images/actionshots/8475236_low_resolution.jpg
Jets;https://cms.nhl.bamgrid.com/images/actionshots/8477940_low_resolution.jpg
Jets;https://cms.nhl.bamgrid.com/images/actionshots/8478424_low_resolution.jpg
Jets;https://cms.nhl.bamgrid.com/images/actionshots/8479339_low_resolution.jpg
Jets;https://cms.nhl.bamgrid.com/images/actionshots/8473914_low_resolution.jpg
Jets;https://cms.nhl.bamgrid.com/images/actionshots/8473412_low_resolution.jpg
Jets;https://cms.nhl.bamgrid.com/images/actionshots/8476392_low_resolution.jpg
Jets;https://cms.nhl.bamgrid.com/images/actionshots/8473618_low_resolution.jpg
Jets;https://cms.nhl.bamgrid.com/images/actionshots/8478458_low_resolution.jpg
Jets;https://cms.nhl.bamgrid.com/images/actionshots/8476460_low_resolution.jpg
Jets;https://cms.nhl.bamgrid.com/images/actionshots/8476400_low_resolution.jpg
Jets;https://cms.nhl.bamgrid.com/images/actionshots/8476406_low_resolution.jpg
Jets;https://cms.nhl.bamgrid.com/images/actionshots/8471218_low_resolution.jpg
Jets;https://cms.nhl.bamgrid.com/images/actionshots/8476470_low_resolution.jpg
Jets;https://cms.nhl.bamgrid.com/images/actionshots/8475868_low_resolution.jpg
Jets;https://cms.nhl.bamgrid.com/images/actionshots/8477472_low_resolution.jpg
Jets;https://cms.nhl.bamgrid.com/images/actionshots/8476331_low_resolution.jpg
Jets;https://cms.nhl.bamgrid.com/images/actionshots/8475179_low_resolution.jpg
Jets;https://cms.nhl.bamgrid.com/images/actionshots/8477504_low_resolution.jpg
Jets;https://cms.nhl.bamgrid.com/images/actionshots/8478915_low_resolution.jpg
Jets;https://cms.nhl.bamgrid.com/images/actionshots/8480145_low_resolution.jpg
Jets;https://cms.nhl.bamgrid.com/images/actionshots/8477359_low_resolution.jpg
Jets;https://cms.nhl.bamgrid.com/images/actionshots/8474579_low_resolution.jpg
Jets;https://cms.nhl.bamgrid.com/images/actionshots/8476316_low_resolution.jpg
Jets;https://cms.nhl.bamgrid.com/images/arena/default/52_low_resolution.jpg
Jets;https://cms.nhl.bamgrid.com/images/actionshots/8476945_low_resolution.jpg
Kings;https://cms.nhl.bamgrid.com/images/actionshots/8478020_low_resolution.jpg
Kings;https://cms.nhl.bamgrid.com/images/actionshots/8470606_low_resolution.jpg
Kings;https://cms.nhl.bamgrid.com/images/actionshots/8470604_low_resolution.jpg
Kings;https://cms.nhl.bamgrid.com/images/actionshots/8476924_low_resolution.jpg
Kings;https://cms.nhl.bamgrid.com/images/actionshots/8480113_low_resolution.jpg
Kings;https://cms.nhl.bamgrid.com/images/actionshots/8477960_low_resolution.jpg
Kings;https://cms.nhl.bamgrid.com/images/actionshots/8471685_low_resolution.jpg
Kings;https://cms.nhl.bamgrid.com/images/actionshots/8473453_low_resolution.jpg
Kings;https://cms.nhl.bamgrid.com/images/actionshots/8481481_low_resolution.jpg
Kings;https://cms.nhl.bamgrid.com/images/actionshots/8479675_low_resolution.jpg
Kings;https://cms.nhl.bamgrid.com/images/actionshots/8476947_low_resolution.jpg
Kings;https://cms.nhl.bamgrid.com/images/actionshots/8480014_low_resolution.jpg
Kings;https://cms.nhl.bamgrid.com/images/actionshots/8478455_low_resolution.jpg
Kings;https://cms.nhl.bamgrid.com/images/actionshots/8479998_low_resolution.jpg
Kings;https://cms.nhl.bamgrid.com/images/actionshots/8474563_low_resolution.jpg
Kings;https://cms.nhl.bamgrid.com/images/actionshots/8477018_low_resolution.jpg
Kings;https://cms.nhl.bamgrid.com/images/actionshots/8476874_low_resolution.jpg
Kings;https://cms.nhl.bamgrid.com/images/actionshots/8477073_low_resolution.jpg
Kings;https://cms.nhl.bamgrid.com/images/actionshots/8478911_low_resolution.jpg
Kings;https://cms.nhl.bamgrid.com/images/actionshots/8477046_low_resolution.jpg
Kings;https://cms.nhl.bamgrid.com/images/actionshots/8480336_low_resolution.jpg
Kings;https://cms.nhl.bamgrid.com/images/actionshots/8477361_low_resolution.jpg
Kings;https://cms.nhl.bamgrid.com/images/actionshots/8471734_low_resolution.jpg
Lightning;https://cms.nhl.bamgrid.com/images/actionshots/8478519_low_resolution.jpg
Lightning;https://cms.nhl.bamgrid.com/images/actionshots/8476399_low_resolution.jpg
Lightning;https://cms.nhl.bamgrid.com/images/actionshots/8476624_low_resolution.jpg
Lightning;https://cms.nhl.bamgrid.com/images/actionshots/8476826_low_resolution.jpg
Lightning;https://cms.nhl.bamgrid.com/images/actionshots/8474870_low_resolution.jpg
Lightning;https://cms.nhl.bamgrid.com/images/actionshots/8478472_low_resolution.jpg
Lightning;https://cms.nhl.bamgrid.com/images/actionshots/8473986_low_resolution.jpg
Lightning;https://cms.nhl.bamgrid.com/images/actionshots/8476453_low_resolution.jpg
Lightning;https://cms.nhl.bamgrid.com/images/actionshots/8474034_low_resolution.jpg
Lightning;https://cms.nhl.bamgrid.com/images/actionshots/8476292_low_resolution.jpg
Lightning;https://cms.nhl.bamgrid.com/images/actionshots/8476975_low_resolution.jpg
Lightning;https://cms.nhl.bamgrid.com/images/actionshots/8478010_low_resolution.jpg
Lightning;https://cms.nhl.bamgrid.com/images/actionshots/8474564_low_resolution.jpg
Lightning;https://cms.nhl.bamgrid.com/images/actionshots/8478477_low_resolution.jpg
Lightning;https://cms.nhl.bamgrid.com/images/actionshots/8477409_low_resolution.jpg
Lightning;https://cms.nhl.bamgrid.com/images/actionshots/8474567_low_resolution.jpg
Lightning;https://cms.nhl.bamgrid.com/images/actionshots/8478416_low_resolution.jpg
Lightning;https://cms.nhl.bamgrid.com/images/actionshots/8470601_low_resolution.jpg
Lightning;https://cms.nhl.bamgrid.com/images/actionshots/8475167_low_resolution.jpg
Lightning;https://cms.nhl.bamgrid.com/images/actionshots/8474151_low_resolution.jpg
Lightning;https://cms.nhl.bamgrid.com/images/actionshots/8480172_low_resolution.jpg
Lightning;https://cms.nhl.bamgrid.com/images/actionshots/8474568_low_resolution.jpg
Lightning;https://cms.nhl.bamgrid.com/images/actionshots/8479410_low_resolution.jpg
Lightning;https://cms.nhl.bamgrid.com/images/actionshots/8474031_low_resolution.jpg
Lightning;https://cms.nhl.bamgrid.com/images/actionshots/8470147_low_resolution.jpg
Lightning;https://cms.nhl.bamgrid.com/images/actionshots/8476883_low_resolution.jpg
Lightning;https://cms.nhl.bamgrid.com/images/actionshots/8475809_low_resolution.jpg
Maple Leafs;https://cms.nhl.bamgrid.com/images/actionshots/8475160_low_resolution.jpg
Maple Leafs;https://cms.nhl.bamgrid.com/images/actionshots/8478115_low_resolution.jpg
Maple Leafs;https://cms.nhl.bamgrid.com/images/actionshots/8477512_low_resolution.jpg
Maple Leafs;https://cms.nhl.bamgrid.com/images/actionshots/8475786_low_resolution.jpg
Maple Leafs;https://cms.nhl.bamgrid.com/images/actionshots/8477341_low_resolution.jpg
Maple Leafs;https://cms.nhl.bamgrid.com/images/actionshots/8477021_low_resolution.jpg
Maple Leafs;https://cms.nhl.bamgrid.com/images/actionshots/8478843_low_resolution.jpg
Maple Leafs;https://cms.nhl.bamgrid.com/images/actionshots/8478483_low_resolution.jpg
Maple Leafs;https://cms.nhl.bamgrid.com/images/actionshots/8479318_low_resolution.jpg
Maple Leafs;https://cms.nhl.bamgrid.com/images/actionshots/8481624_low_resolution.jpg
Maple Leafs;https://cms.nhl.bamgrid.com/images/actionshots/8477939_low_resolution.jpg
Maple Leafs;https://cms.nhl.bamgrid.com/images/actionshots/8477464_low_resolution.jpg
Maple Leafs;https://cms.nhl.bamgrid.com/images/arena/default/10_low_resolution.jpg
Maple Leafs;https://cms.nhl.bamgrid.com/images/actionshots/8478542_low_resolution.jpg
Maple Leafs;https://cms.nhl.bamgrid.com/images/actionshots/8469455_low_resolution.jpg
Maple Leafs;https://cms.nhl.bamgrid.com/images/actionshots/8475166_low_resolution.jpg
Maple Leafs;https://cms.nhl.bamgrid.com/images/actionshots/8475197_low_resolution.jpg
Maple Leafs;https://cms.nhl.bamgrid.com/images/actionshots/8476879_low_resolution.jpg
Maple Leafs;https://cms.nhl.bamgrid.com/images/actionshots/8478408_low_resolution.jpg
Maple Leafs;https://cms.nhl.bamgrid.com/images/actionshots/8475718_low_resolution.jpg
Maple Leafs;https://cms.nhl.bamgrid.com/images/actionshots/8475716_low_resolution.jpg
Maple Leafs;https://cms.nhl.bamgrid.com/images/actionshots/8474162_low_resolution.jpg
Maple Leafs;https://cms.nhl.bamgrid.com/images/actionshots/8476853_low_resolution.jpg
Maple Leafs;https://cms.nhl.bamgrid.com/images/actionshots/8480157_low_resolution.jpg
Maple Leafs;https://cms.nhl.bamgrid.com/images/actionshots/8480873_low_resolution.jpg
Maple Leafs;https://cms.nhl.bamgrid.com/images/actionshots/8475883_low_resolution.jpg
Maple Leafs;https://cms.nhl.bamgrid.com/images/actionshots/8475789_low_resolution.jpg
Maple Leafs;https://cms.nhl.bamgrid.com/images/arena/default/18_low_resolution.jpg
Maple Leafs;https://cms.nhl.bamgrid.com/images/arena/default/10_low_resolution.jpg
Oilers;https://cms.nhl.bamgrid.com/images/actionshots/8476326_low_resolution.jpg
Oilers;https://cms.nhl.bamgrid.com/images/actionshots/8476960_low_resolution.jpg
Oilers;https://cms.nhl.bamgrid.com/images/arena/default/22_low_resolution.jpg
Oilers;https://cms.nhl.bamgrid.com/images/actionshots/8475163_low_resolution.jpg
Oilers;https://cms.nhl.bamgrid.com/images/actionshots/8477934_low_resolution.jpg
Oilers;https://cms.nhl.bamgrid.com/images/actionshots/8474589_low_resolution.jpg
Oilers;https://cms.nhl.bamgrid.com/images/actionshots/8481813_low_resolution.jpg
Oilers;https://cms.nhl.bamgrid.com/images/actionshots/8475178_low_resolution.jpg
Oilers;https://cms.nhl.bamgrid.com/images/actionshots/8476915_low_resolution.jpg
Oilers;https://cms.nhl.bamgrid.com/images/arena/default/22_low_resolution.jpg
Oilers;https://cms.nhl.bamgrid.com/images/actionshots/8478402_low_resolution.jpg
Oilers;https://cms.nhl.bamgrid.com/images/arena/default/22_low_resolution.jpg
Oilers;https://cms.nhl.bamgrid.com/images/actionshots/8471707_low_resolution.jpg
Oilers;https://cms.nhl.bamgrid.com/images/actionshots/8476454_low_resolution.jpg
Oilers;https://cms.nhl.bamgrid.com/images/actionshots/8481638_low_resolution.jpg
Oilers;https://cms.nhl.bamgrid.com/images/actionshots/8479466_low_resolution.jpg
Oilers;https://cms.nhl.bamgrid.com/images/actionshots/8475772_low_resolution.jpg
Oilers;https://cms.nhl.bamgrid.com/images/actionshots/8479977_low_resolution.jpg
Oilers;https://cms.nhl.bamgrid.com/images/actionshots/8478451_low_resolution.jpg
Oilers;https://cms.nhl.bamgrid.com/images/actionshots/8476988_low_resolution.jpg
Oilers;https://cms.nhl.bamgrid.com/images/actionshots/8480803_low_resolution.jpg
Oilers;https://cms.nhl.bamgrid.com/images/arena/default/22_low_resolution.jpg
Oilers;https://cms.nhl.bamgrid.com/images/actionshots/8478452_low_resolution.jpg
Oilers;https://cms.nhl.bamgrid.com/images/actionshots/8476472_low_resolution.jpg
Oilers;https://cms.nhl.bamgrid.com/images/arena/default/22_low_resolution.jpg
Oilers;https://cms.nhl.bamgrid.com/images/actionshots/8476457_low_resolution.jpg
Oilers;https://cms.nhl.bamgrid.com/images/actionshots/8477498_low_resolution.jpg
Oilers;https://cms.nhl.bamgrid.com/images/actionshots/8471729_low_resolution.jpg
Oilers;https://cms.nhl.bamgrid.com/images/actionshots/8475156_low_resolution.jpg
Oilers;https://cms.nhl.bamgrid.com/images/arena/default/22_low_resolution.jpg
Oilers;https://cms.nhl.bamgrid.com/images/actionshots/8469608_low_resolution.jpg
Panthers;https://cms.nhl.bamgrid.com/images/actionshots/8478569_low_resolution.jpg
Panthers;https://cms.nhl.bamgrid.com/images/actionshots/8477493_low_resolution.jpg
Panthers;https://cms.nhl.bamgrid.com/images/actionshots/8470619_low_resolution.jpg
Panthers;https://cms.nhl.bamgrid.com/images/actionshots/8475792_low_resolution.jpg
Panthers;https://cms.nhl.bamgrid.com/images/actionshots/8474149_low_resolution.jpg
Panthers;https://cms.nhl.bamgrid.com/images/actionshots/8475287_low_resolution.jpg
Panthers;https://cms.nhl.bamgrid.com/images/actionshots/8474884_low_resolution.jpg
Panthers;https://cms.nhl.bamgrid.com/images/actionshots/8471887_low_resolution.jpg
Panthers;https://cms.nhl.bamgrid.com/images/actionshots/8476456_low_resolution.jpg
Panthers;https://cms.nhl.bamgrid.com/images/actionshots/8478211_low_resolution.jpg
Panthers;https://cms.nhl.bamgrid.com/images/arena/default/13_low_resolution.jpg
Panthers;https://cms.nhl.bamgrid.com/images/actionshots/8478839_low_resolution.jpg
Panthers;https://cms.nhl.bamgrid.com/images/arena/default/13_low_resolution.jpg
Panthers;https://cms.nhl.bamgrid.com/images/actionshots/8476952_low_resolution.jpg
Panthers;https://cms.nhl.bamgrid.com/images/actionshots/8478366_low_resolution.jpg
Panthers;https://cms.nhl.bamgrid.com/images/actionshots/8478027_low_resolution.jpg
Panthers;https://cms.nhl.bamgrid.com/images/actionshots/8477932_low_resolution.jpg
Panthers;https://cms.nhl.bamgrid.com/images/arena/default/13_low_resolution.jpg
Panthers;https://cms.nhl.bamgrid.com/images/arena/default/13_low_resolution.jpg
Panthers;https://cms.nhl.bamgrid.com/images/actionshots/8475796_low_resolution.jpg
Panthers;https://cms.nhl.bamgrid.com/images/actionshots/8479388_low_resolution.jpg
Panthers;https://cms.nhl.bamgrid.com/images/actionshots/8471873_low_resolution.jpg
Panthers;https://cms.nhl.bamgrid.com/images/actionshots/8477346_low_resolution.jpg
Panthers;https://cms.nhl.bamgrid.com/images/actionshots/8471735_low_resolution.jpg
Panthers;https://cms.nhl.bamgrid.com/images/actionshots/8475683_low_resolution.jpg
Panthers;https://cms.nhl.bamgrid.com/images/arena/default/13_low_resolution.jpg
Panthers;https://cms.nhl.bamgrid.com/images/actionshots/8476904_low_resolution.jpg
Panthers;https://cms.nhl.bamgrid.com/images/actionshots/8478470_low_resolution.jpg
Penguins;https://cms.nhl.bamgrid.com/images/actionshots/8478074_low_resolution.jpg
Penguins;https://cms.nhl.bamgrid.com/images/actionshots/8479944_low_resolution.jpg
Penguins;https://cms.nhl.bamgrid.com/images/actionshots/8476927_low_resolution.jpg
Penguins;https://cms.nhl.bamgrid.com/images/actionshots/8471675_low_resolution.jpg
Penguins;https://cms.nhl.bamgrid.com/images/actionshots/8477404_low_resolution.jpg
Penguins;https://cms.nhl.bamgrid.com/images/actionshots/8477953_low_resolution.jpg
Penguins;https://cms.nhl.bamgrid.com/images/actionshots/8478043_low_resolution.jpg
Penguins;https://cms.nhl.bamgrid.com/images/actionshots/8471215_low_resolution.jpg
Penguins;https://cms.nhl.bamgrid.com/images/actionshots/8466139_low_resolution.jpg
Penguins;https://cms.nhl.bamgrid.com/images/actionshots/8477955_low_resolution.jpg
Penguins;https://cms.nhl.bamgrid.com/images/actionshots/8475810_low_resolution.jpg
Penguins;https://cms.nhl.bamgrid.com/images/actionshots/8474098_low_resolution.jpg
Penguins;https://cms.nhl.bamgrid.com/images/actionshots/8477839_low_resolution.jpg
Penguins;https://cms.nhl.bamgrid.com/images/actionshots/8478866_low_resolution.jpg
Penguins;https://cms.nhl.bamgrid.com/images/actionshots/8479293_low_resolution.jpg
Penguins;https://cms.nhl.bamgrid.com/images/actionshots/8475722_low_resolution.jpg
Penguins;https://cms.nhl.bamgrid.com/images/actionshots/8475208_low_resolution.jpg
Penguins;https://cms.nhl.bamgrid.com/images/actionshots/8471677_low_resolution.jpg
Penguins;https://cms.nhl.bamgrid.com/images/actionshots/8471724_low_resolution.jpg
Penguins;https://cms.nhl.bamgrid.com/images/actionshots/8478507_low_resolution.jpg
Penguins;https://cms.nhl.bamgrid.com/images/actionshots/8476875_low_resolution.jpg
Penguins;https://cms.nhl.bamgrid.com/images/actionshots/8477969_low_resolution.jpg
Penguins;https://cms.nhl.bamgrid.com/images/actionshots/8480945_low_resolution.jpg
Penguins;https://cms.nhl.bamgrid.com/images/actionshots/8477244_low_resolution.jpg
Penguins;https://cms.nhl.bamgrid.com/images/actionshots/8474602_low_resolution.jpg
Penguins;https://cms.nhl.bamgrid.com/images/actionshots/8477465_low_resolution.jpg
Penguins;https://cms.nhl.bamgrid.com/images/actionshots/8476899_low_resolution.jpg
Predators;https://cms.nhl.bamgrid.com/images/actionshots/8478042_low_resolution.jpg
Predators;https://cms.nhl.bamgrid.com/images/actionshots/8476278_low_resolution.jpg
Predators;https://cms.nhl.bamgrid.com/images/actionshots/8474009_low_resolution.jpg
Predators;https://cms.nhl.bamgrid.com/images/actionshots/8477901_low_resolution.jpg
Predators;https://cms.nhl.bamgrid.com/images/actionshots/8475168_low_resolution.jpg
Predators;https://cms.nhl.bamgrid.com/images/actionshots/8476887_low_resolution.jpg
Predators;https://cms.nhl.bamgrid.com/images/actionshots/8475798_low_resolution.jpg
Predators;https://cms.nhl.bamgrid.com/images/actionshots/8476428_low_resolution.jpg
Predators;https://cms.nhl.bamgrid.com/images/actionshots/8475714_low_resolution.jpg
Predators;https://cms.nhl.bamgrid.com/images/actionshots/8475793_low_resolution.jpg
Predators;https://cms.nhl.bamgrid.com/images/actionshots/8477446_low_resolution.jpg
Predators;https://cms.nhl.bamgrid.com/images/actionshots/8476925_low_resolution.jpg
Predators;https://cms.nhl.bamgrid.com/images/actionshots/8475225_low_resolution.jpg
Predators;https://cms.nhl.bamgrid.com/images/actionshots/8480009_low_resolution.jpg
Predators;https://cms.nhl.bamgrid.com/images/actionshots/8478508_low_resolution.jpg
Predators;https://cms.nhl.bamgrid.com/images/actionshots/8474068_low_resolution.jpg
Predators;https://cms.nhl.bamgrid.com/images/actionshots/8475766_low_resolution.jpg
Predators;https://cms.nhl.bamgrid.com/images/arena/default/18_low_resolution.jpg
Predators;https://cms.nhl.bamgrid.com/images/actionshots/8475218_low_resolution.jpg
Predators;https://cms.nhl.bamgrid.com/images/actionshots/8475176_low_resolution.jpg
Predators;https://cms.nhl.bamgrid.com/images/actionshots/8479371_low_resolution.jpg
Predators;https://cms.nhl.bamgrid.com/images/actionshots/8469465_low_resolution.jpg
Predators;https://cms.nhl.bamgrid.com/images/actionshots/8473560_low_resolution.jpg
Predators;https://cms.nhl.bamgrid.com/images/actionshots/8474600_low_resolution.jpg
Predators;https://cms.nhl.bamgrid.com/images/actionshots/8475797_low_resolution.jpg
Predators;https://cms.nhl.bamgrid.com/images/actionshots/8474134_low_resolution.jpg
Predators;https://cms.nhl.bamgrid.com/images/actionshots/8477234_low_resolution.jpg
Predators;https://cms.nhl.bamgrid.com/images/arena/default/18_low_resolution.jpg
Predators;https://cms.nhl.bamgrid.com/images/actionshots/8471469_low_resolution.jpg
Predators;https://cms.nhl.bamgrid.com/images/actionshots/8477424_low_resolution.jpg
Rangers;https://cms.nhl.bamgrid.com/images/actionshots/8477402_low_resolution.jpg
Rangers;https://cms.nhl.bamgrid.com/images/actionshots/8480078_low_resolution.jpg
Rangers;https://cms.nhl.bamgrid.com/images/actionshots/8476858_low_resolution.jpg
Rangers;https://cms.nhl.bamgrid.com/images/actionshots/8475855_low_resolution.jpg
Rangers;https://cms.nhl.bamgrid.com/images/actionshots/nhl_default_contemporary.jpg
Rangers;https://cms.nhl.bamgrid.com/images/actionshots/8479328_low_resolution.jpg
Rangers;https://cms.nhl.bamgrid.com/images/arena/default/3_low_resolution.jpg
Rangers;https://cms.nhl.bamgrid.com/images/actionshots/8474230_low_resolution.jpg
Rangers;https://cms.nhl.bamgrid.com/images/actionshots/8479353_low_resolution.jpg
Rangers;https://cms.nhl.bamgrid.com/images/actionshots/8481554_low_resolution.jpg
Rangers;https://cms.nhl.bamgrid.com/images/arena/default/3_low_resolution.jpg
Rangers;https://cms.nhl.bamgrid.com/images/actionshots/8475184_low_resolution.jpg
Rangers;https://cms.nhl.bamgrid.com/images/actionshots/8477962_low_resolution.jpg
Rangers;https://cms.nhl.bamgrid.com/images/actionshots/8479968_low_resolution.jpg
Rangers;https://cms.nhl.bamgrid.com/images/actionshots/8475735_low_resolution.jpg
Rangers;https://cms.nhl.bamgrid.com/images/actionshots/nhl_default_contemporary.jpg
Rangers;https://cms.nhl.bamgrid.com/images/actionshots/8478550_low_resolution.jpg
Rangers;https://cms.nhl.bamgrid.com/images/actionshots/8476458_low_resolution.jpg
Rangers;https://cms.nhl.bamgrid.com/images/actionshots/8476459_low_resolution.jpg
Rangers;https://cms.nhl.bamgrid.com/images/arena/default/3_low_resolution.jpg
Rangers;https://cms.nhl.bamgrid.com/images/actionshots/8477950_low_resolution.jpg
Rangers;https://cms.nhl.bamgrid.com/images/actionshots/8479323_low_resolution.jpg
Rangers;https://cms.nhl.bamgrid.com/images/arena/default/3_low_resolution.jpg
Rangers;https://cms.nhl.bamgrid.com/images/actionshots/8479324_low_resolution.jpg
Rangers;https://cms.nhl.bamgrid.com/images/arena/default/3_low_resolution.jpg
Rangers;https://cms.nhl.bamgrid.com/images/actionshots/8474090_low_resolution.jpg
Rangers;https://cms.nhl.bamgrid.com/images/actionshots/8476885_low_resolution.jpg
Rangers;https://cms.nhl.bamgrid.com/images/actionshots/8480382_low_resolution.jpg
Rangers;https://cms.nhl.bamgrid.com/images/actionshots/8478048_low_resolution.jpg
Red Wings;https://cms.nhl.bamgrid.com/images/actionshots/8471716_low_resolution.jpg
Red Wings;https://cms.nhl.bamgrid.com/images/actionshots/8477479_low_resolution.jpg
Red Wings;https://cms.nhl.bamgrid.com/images/actionshots/8478036_low_resolution.jpg
Red Wings;https://cms.nhl.bamgrid.com/images/actionshots/8477454_low_resolution.jpg
Red Wings;https://cms.nhl.bamgrid.com/images/actionshots/8477952_low_resolution.jpg
Red Wings;https://cms.nhl.bamgrid.com/images/actionshots/8470047_low_resolution.jpg
Red Wings;https://cms.nhl.bamgrid.com/images/actionshots/8474040_low_resolution.jpg
Red Wings;https://cms.nhl.bamgrid.com/images/actionshots/8476822_low_resolution.jpg
Red Wings;https://cms.nhl.bamgrid.com/images/actionshots/8471794_low_resolution.jpg
Red Wings;https://cms.nhl.bamgrid.com/images/actionshots/8477946_low_resolution.jpg
Red Wings;https://cms.nhl.bamgrid.com/images/actionshots/8477511_low_resolution.jpg
Red Wings;https://cms.nhl.bamgrid.com/images/actionshots/8470144_low_resolution.jpg
Red Wings;https://cms.nhl.bamgrid.com/images/actionshots/8477943_low_resolution.jpg
Red Wings;https://cms.nhl.bamgrid.com/images/actionshots/8478857_low_resolution.jpg
Red Wings;https://cms.nhl.bamgrid.com/images/actionshots/8473415_low_resolution.jpg
Red Wings;https://cms.nhl.bamgrid.com/images/actionshots/8477474_low_resolution.jpg
Red Wings;https://cms.nhl.bamgrid.com/images/actionshots/8479395_low_resolution.jpg
Red Wings;https://cms.nhl.bamgrid.com/images/actionshots/8470110_low_resolution.jpg
Red Wings;https://cms.nhl.bamgrid.com/images/actionshots/8477215_low_resolution.jpg
Red Wings;https://cms.nhl.bamgrid.com/images/actionshots/8470318_low_resolution.jpg
Red Wings;https://cms.nhl.bamgrid.com/images/actionshots/8474597_low_resolution.jpg
Red Wings;https://cms.nhl.bamgrid.com/images/actionshots/8479425_low_resolution.jpg
Red Wings;https://cms.nhl.bamgrid.com/images/actionshots/8480184_low_resolution.jpg
Red Wings;https://cms.nhl.bamgrid.com/images/actionshots/8475747_low_resolution.jpg
Red Wings;https://cms.nhl.bamgrid.com/images/actionshots/8471686_low_resolution.jpg
Red Wings;https://cms.nhl.bamgrid.com/images/actionshots/8473541_low_resolution.jpg
Red Wings;https://cms.nhl.bamgrid.com/images/actionshots/8470657_low_resolution.jpg
Sabres;https://cms.nhl.bamgrid.com/images/actionshots/8478403_low_resolution.jpg
Sabres;https://cms.nhl.bamgrid.com/images/actionshots/8473564_low_resolution.jpg
Sabres;https://cms.nhl.bamgrid.com/images/actionshots/8476878_low_resolution.jpg
Sabres;https://cms.nhl.bamgrid.com/images/actionshots/8480946_low_resolution.jpg
Sabres;https://cms.nhl.bamgrid.com/images/actionshots/8475728_low_resolution.jpg
Sabres;https://cms.nhl.bamgrid.com/images/actionshots/8477508_low_resolution.jpg
Sabres;https://cms.nhl.bamgrid.com/images/actionshots/8473449_low_resolution.jpg
Sabres;https://cms.nhl.bamgrid.com/images/actionshots/8478109_low_resolution.jpg
Sabres;https://cms.nhl.bamgrid.com/images/actionshots/8477933_low_resolution.jpg
Sabres;https://cms.nhl.bamgrid.com/images/actionshots/8474190_low_resolution.jpg
Sabres;https://cms.nhl.bamgrid.com/images/actionshots/8475784_low_resolution.jpg
Sabres;https://cms.nhl.bamgrid.com/images/actionshots/8471743_low_resolution.jpg
Sabres;https://cms.nhl.bamgrid.com/images/actionshots/8470595_low_resolution.jpg
Sabres;https://cms.nhl.bamgrid.com/images/actionshots/8479420_low_resolution.jpg
Sabres;https://cms.nhl.bamgrid.com/images/actionshots/8476918_low_resolution.jpg
Sabres;https://cms.nhl.bamgrid.com/images/actionshots/8480839_low_resolution.jpg
Sabres;https://cms.nhl.bamgrid.com/images/actionshots/8471436_low_resolution.jpg
Sabres;https://cms.nhl.bamgrid.com/images/actionshots/8480035_low_resolution.jpg
Sabres;https://cms.nhl.bamgrid.com/images/actionshots/8476931_low_resolution.jpg
Sabres;https://cms.nhl.bamgrid.com/images/actionshots/8476525_low_resolution.jpg
Sabres;https://cms.nhl.bamgrid.com/images/actionshots/8477986_low_resolution.jpg
Sabres;https://cms.nhl.bamgrid.com/images/actionshots/8480935_low_resolution.jpg
Sabres;https://cms.nhl.bamgrid.com/images/actionshots/8477499_low_resolution.jpg
Sabres;https://cms.nhl.bamgrid.com/images/actionshots/8475622_low_resolution.jpg
Sabres;https://cms.nhl.bamgrid.com/images/actionshots/8476999_low_resolution.jpg
Senators;https://cms.nhl.bamgrid.com/images/actionshots/8473573_low_resolution.jpg
Senators;https://cms.nhl.bamgrid.com/images/actionshots/8478870_low_resolution.jpg
Senators;https://cms.nhl.bamgrid.com/images/actionshots/8474571_low_resolution.jpg
Senators;https://cms.nhl.bamgrid.com/images/actionshots/8477015_low_resolution.jpg
Senators;https://cms.nhl.bamgrid.com/images/actionshots/8477407_low_resolution.jpg
Senators;https://cms.nhl.bamgrid.com/images/actionshots/8477963_low_resolution.jpg
Senators;https://cms.nhl.bamgrid.com/images/actionshots/8477426_low_resolution.jpg
Senators;https://cms.nhl.bamgrid.com/images/actionshots/8476285_low_resolution.jpg
Senators;https://cms.nhl.bamgrid.com/images/actionshots/8477149_low_resolution.jpg
Senators;https://cms.nhl.bamgrid.com/images/actionshots/8476919_low_resolution.jpg
Senators;https://cms.nhl.bamgrid.com/images/actionshots/8480801_low_resolution.jpg
Senators;https://cms.nhl.bamgrid.com/images/actionshots/8478400_low_resolution.jpg
Senators;https://cms.nhl.bamgrid.com/images/actionshots/8474697_low_resolution.jpg
Senators;https://cms.nhl.bamgrid.com/images/actionshots/8477384_low_resolution.jpg
Senators;https://cms.nhl.bamgrid.com/images/actionshots/8478469_low_resolution.jpg
Senators;https://cms.nhl.bamgrid.com/images/actionshots/8477971_low_resolution.jpg
Senators;https://cms.nhl.bamgrid.com/images/actionshots/8468493_low_resolution.jpg
Senators;https://cms.nhl.bamgrid.com/images/actionshots/8476422_low_resolution.jpg
Senators;https://cms.nhl.bamgrid.com/images/actionshots/8478846_low_resolution.jpg
Senators;https://cms.nhl.bamgrid.com/images/actionshots/8479458_low_resolution.jpg
Senators;https://cms.nhl.bamgrid.com/images/actionshots/8467950_low_resolution.jpg
Senators;https://cms.nhl.bamgrid.com/images/actionshots/8477405_low_resolution.jpg
Senators;https://cms.nhl.bamgrid.com/images/actionshots/8475195_low_resolution.jpg
Sharks;https://cms.nhl.bamgrid.com/images/actionshots/8481640_low_resolution.jpg
Sharks;https://cms.nhl.bamgrid.com/images/actionshots/8474053_low_resolution.jpg
Sharks;https://cms.nhl.bamgrid.com/images/actionshots/8477987_low_resolution.jpg
Sharks;https://cms.nhl.bamgrid.com/images/actionshots/8479580_low_resolution.jpg
Sharks;https://cms.nhl.bamgrid.com/images/actionshots/8479393_low_resolution.jpg
Sharks;https://cms.nhl.bamgrid.com/images/actionshots/8476881_low_resolution.jpg
Sharks;https://cms.nhl.bamgrid.com/images/actionshots/8475169_low_resolution.jpg
Sharks;https://cms.nhl.bamgrid.com/images/actionshots/8477922_low_resolution.jpg
Sharks;https://cms.nhl.bamgrid.com/images/actionshots/8478099_low_resolution.jpg
Sharks;https://cms.nhl.bamgrid.com/images/actionshots/8478414_low_resolution.jpg
Sharks;https://cms.nhl.bamgrid.com/images/actionshots/8476474_low_resolution.jpg
Sharks;https://cms.nhl.bamgrid.com/images/actionshots/8480965_low_resolution.jpg
Sharks;https://cms.nhl.bamgrid.com/images/actionshots/8466138_low_resolution.jpg
Sharks;https://cms.nhl.bamgrid.com/images/actionshots/8480384_low_resolution.jpg
Sharks;https://cms.nhl.bamgrid.com/images/actionshots/8470613_low_resolution.jpg
Sharks;https://cms.nhl.bamgrid.com/images/actionshots/8475869_low_resolution.jpg
Sharks;https://cms.nhl.bamgrid.com/images/actionshots/8479983_low_resolution.jpg
Sharks;https://cms.nhl.bamgrid.com/images/actionshots/8475841_low_resolution.jpg
Sharks;https://cms.nhl.bamgrid.com/images/actionshots/8474578_low_resolution.jpg
Sharks;https://cms.nhl.bamgrid.com/images/actionshots/8478136_low_resolution.jpg
Sharks;https://cms.nhl.bamgrid.com/images/actionshots/8474774_low_resolution.jpg
Sharks;https://cms.nhl.bamgrid.com/images/actionshots/8480160_low_resolution.jpg
Sharks;https://cms.nhl.bamgrid.com/images/actionshots/8471709_low_resolution.jpg
Sharks;https://cms.nhl.bamgrid.com/images/actionshots/8477180_low_resolution.jpg
Sharks;https://cms.nhl.bamgrid.com/images/actionshots/8474889_low_resolution.jpg
Stars;https://cms.nhl.bamgrid.com/images/actionshots/8473994_low_resolution.jpg
Stars;https://cms.nhl.bamgrid.com/images/actionshots/8471699_low_resolution.jpg
Stars;https://cms.nhl.bamgrid.com/images/actionshots/8471260_low_resolution.jpg
Stars;https://cms.nhl.bamgrid.com/images/actionshots/8480848_low_resolution.jpg
Stars;https://cms.nhl.bamgrid.com/images/actionshots/8477450_low_resolution.jpg
Stars;https://cms.nhl.bamgrid.com/images/actionshots/8475413_low_resolution.jpg
Stars;https://cms.nhl.bamgrid.com/images/actionshots/8476889_low_resolution.jpg
Stars;https://cms.nhl.bamgrid.com/images/actionshots/8478495_low_resolution.jpg
Stars;https://cms.nhl.bamgrid.com/images/actionshots/8471691_low_resolution.jpg
Stars;https://cms.nhl.bamgrid.com/images/actionshots/8478449_low_resolution.jpg
Stars;https://cms.nhl.bamgrid.com/images/actionshots/8477406_low_resolution.jpg
Stars;https://cms.nhl.bamgrid.com/images/actionshots/8481641_low_resolution.jpg
Stars;https://cms.nhl.bamgrid.com/images/actionshots/8470794_low_resolution.jpg
Stars;https://cms.nhl.bamgrid.com/images/actionshots/8470621_low_resolution.jpg
Stars;https://cms.nhl.bamgrid.com/images/actionshots/8471228_low_resolution.jpg
Stars;https://cms.nhl.bamgrid.com/images/actionshots/8475794_low_resolution.jpg
Stars;https://cms.nhl.bamgrid.com/images/actionshots/8476166_low_resolution.jpg
Stars;https://cms.nhl.bamgrid.com/images/actionshots/8477810_low_resolution.jpg
Stars;https://cms.nhl.bamgrid.com/images/arena/default/25_low_resolution.jpg
Stars;https://cms.nhl.bamgrid.com/images/actionshots/8480036_low_resolution.jpg
Stars;https://cms.nhl.bamgrid.com/images/actionshots/8475730_low_resolution.jpg
Stars;https://cms.nhl.bamgrid.com/images/actionshots/8475906_low_resolution.jpg
Stars;https://cms.nhl.bamgrid.com/images/actionshots/8476902_low_resolution.jpg
Stars;https://cms.nhl.bamgrid.com/images/actionshots/8476467_low_resolution.jpg
Stars;https://cms.nhl.bamgrid.com/images/actionshots/8471392_low_resolution.jpg
Stars;https://cms.nhl.bamgrid.com/images/actionshots/8471284_low_resolution.jpg
Stars;https://cms.nhl.bamgrid.com/images/actionshots/8471750_low_resolution.jpg
Stars;https://cms.nhl.bamgrid.com/images/actionshots/8471418_low_resolution.jpg
Stars;https://cms.nhl.bamgrid.com/images/arena/default/25_low_resolution.jpg
Wild;https://cms.nhl.bamgrid.com/images/actionshots/8475760_low_resolution.jpg
Wild;https://cms.nhl.bamgrid.com/images/actionshots/8478493_low_resolution.jpg
Wild;https://cms.nhl.bamgrid.com/images/actionshots/8477942_low_resolution.jpg
Wild;https://cms.nhl.bamgrid.com/images/actionshots/8475220_low_resolution.jpg
Wild;https://cms.nhl.bamgrid.com/images/actionshots/8476851_low_resolution.jpg
Wild;https://cms.nhl.bamgrid.com/images/actionshots/8478413_low_resolution.jpg
Wild;https://cms.nhl.bamgrid.com/images/actionshots/8477451_low_resolution.jpg
Wild;https://cms.nhl.bamgrid.com/images/actionshots/8475149_low_resolution.jpg
Wild;https://cms.nhl.bamgrid.com/images/actionshots/8477366_low_resolution.jpg
Wild;https://cms.nhl.bamgrid.com/images/actionshots/8469459_low_resolution.jpg
Wild;https://cms.nhl.bamgrid.com/images/actionshots/8479316_low_resolution.jpg
Wild;https://cms.nhl.bamgrid.com/images/actionshots/8479933_low_resolution.jpg
Wild;https://cms.nhl.bamgrid.com/images/actionshots/8470610_low_resolution.jpg
Wild;https://cms.nhl.bamgrid.com/images/actionshots/8476437_low_resolution.jpg
Wild;https://cms.nhl.bamgrid.com/images/arena/default/30_low_resolution.jpg
Wild;https://cms.nhl.bamgrid.com/images/arena/default/30_low_resolution.jpg
Wild;https://cms.nhl.bamgrid.com/images/actionshots/8475692_low_resolution.jpg
Wild;https://cms.nhl.bamgrid.com/images/actionshots/8474749_low_resolution.jpg
Wild;https://cms.nhl.bamgrid.com/images/arena/default/30_low_resolution.jpg
Wild;https://cms.nhl.bamgrid.com/images/actionshots/8476463_low_resolution.jpg
Wild;https://cms.nhl.bamgrid.com/images/actionshots/8476856_low_resolution.jpg
Wild;https://cms.nhl.bamgrid.com/images/actionshots/8476779_low_resolution.jpg
Wild;https://cms.nhl.bamgrid.com/images/actionshots/8477369_low_resolution.jpg
Wild;https://cms.nhl.bamgrid.com/images/actionshots/8474716_low_resolution.jpg
Wild;https://cms.nhl.bamgrid.com/images/actionshots/8470600_low_resolution.jpg
Wild;https://cms.nhl.bamgrid.com/images/actionshots/8471227_low_resolution.jpg
Wild;https://cms.nhl.bamgrid.com/images/arena/default/30_low_resolution.jpg
Wild;https://cms.nhl.bamgrid.com/images/actionshots/nhl_default_contemporary.jpg
Wild;https://cms.nhl.bamgrid.com/images/actionshots/8471774_low_resolution.jpg
